 [
    {
      "id": 0,
      "movie": {
        "id": 0,
        "ageLimit": 0,
        "description": "string",
        "duration": "string",
        "genre": "string",
        "language": "string",
        "title": "bile",
        "image" : "images/movie-1.webp",
        "rating" : 8.2,
        "youtube_link" : "https://www.youtube.com/embed/sEQjLQA9qW4"
      },
      "theater": {
        "availableSeats": 0,
        "id": 0,
        "number": 0,
        "takenSeats": 0,
        "totalSeats": 0
      },
      "movieScreeningTime": "10:10"
    }
    ,
    
    {
        "id": 1,
        "movie": {
          "id": 1,
          "ageLimit": 0,
          "description": "string",
          "duration": "string",
          "genre": "string",
          "language": "string",
          "title": "The Matrix",
          "image" : "images/The_matrix.jpg",
          "rating" : 3,
          "youtube_link" : "https://www.youtube.com/embed/9ix7TUGVYIo"
        },
        "theater": {
          "availableSeats": 0,
          "id": 1,
          "number": 0,
          "takenSeats": 0,
          "totalSeats": 0
        },
        "movieScreeningTime": "10:10"
      }
    ]
